1,Mark Hamill
2,Harrison Ford
3,Carrie Fisher
4,Peter Cushing
5,Billy Dee Williams
6,Adam Driver
7,Liam Neeson
8,Ewan McGregor
9,Natalie Portman
10,Jake Lloyd
11,Hayden Christensen
12,Ian McDiarmid
13,Christopher Lee
14,Chris Pine
15,Zachary Quinto
16,Leonard Nimoy
17,Eric Bana
18,Daisy Ridley
19,Felicity Jones
20,Diego Luna
21,Alan Tudyk
22,Donnie Yen
23,Zoe Saldana
24,Karl Urban
25,Lady Gaga
26,Bradley Cooper
27,Sam Elliott
28,Andrew Dice Clay
29,Alden Ehrenreich
30,Joonas Suotamo
31,Woody Harrelson
32,Emilia Clarke
33,Patrick Stewart
34,Jonathan Frakes
35,Brent Spiner
36,LeVar Burton
37,William Shatner
38,DeForest Kelley
39,James Doohan
40,Marina Sirtis
41,Sonequa Martin-Green
42,Doug Jones
43,Anthony Rapp
44,Mary Wiseman
45,Nichelle Nichols
46,Kate Mulgrew
47,Robert Beltran
48,Roxann Dawson
49,Robert Duncan McNeill
50,Matt Lanter
51,Ashley Eckstein
52,James Arnold Taylor
53,Dee Bradley Baker
54,Tom Kane
55,Avery Brooks
56,Rene Auberjonois
57,Cirroc Lofton
58,Alexander Siddig
59,Scott Bakula
60,John Billingsley
61,Jolene Blalock
62,Dominic Keating
63,Mark Wahlberg
64,Jennifer Aniston
65,Dominic West
66,Jason Bonham
67,Alison Pill
68,Isa Briones
69,Michelle Hurd
70,Stephen Mendillo
71,Stephen J. Lang
72,Chris Cooper
73,Elizabeth Peña
74,Taylor Gray
75,Dave Filoni
76,Vanessa Marshall
77,Freddie Prinze Jr.
78,Abbie Cornish
79,Ben Whishaw
80,Paul Schneider
81,Kerry Fox
82,André Sogliuzzo
83,Mat Lucas
84,Grey Griffin
85,Brian Narelle
86,Cal Kuniholm
87,Dre Pahich
88,Dan O'Bannon
89,Aimee Teegarden
90,Grey Damon
91,Greg Finley
92,Judy Garland
93,James Mason
94,Jack Carson
95,Charles Bickford
96,David Spade
97,Mary McCormack
98,Craig Bierko
99,Scott Terra
100,James Denton
101,Christina Hendricks
102,Anthony LaPaglia
103,Edward Asner
104,Anthony Daniels
105,Nick Swardson
106,Christina Ricci
107,Don Johnson
108,Stephen Dorff
109,Tim Roth
110,Genevieve O'Reilly
111,Abigail Lawrie
112,Eden Sher
113,Adam McArthur
114,Daron Nefcy
115,Barbra Streisand
116,Kris Kristofferson
117,Gary Busey
118,Oliver Clark
119,Janet Gaynor
120,Fredric March
121,Adolphe Menjou
122,May Robson
123,Mika Shinohara
124,Makoto Shinkai
125,Sumi Mutoh
126,Chihiro Suzuki
127,Seth Green
128,Candace Bailey
129,Abraham Benrubi
130,Bob Bergen
131,Ji-Hyun Jun
132,Soo-hyun Kim
133,Hae-Jin Park
134,In-Na Yoo
135,Clive Owen
136,Michael Beattie
137,Toru Tanaka Jr.
138,DTeflon
139,Katherine Heigl
140,Danielle Harris
141,Donnie Jeffcoat
142,Scott Wilkinson
143,Tom Burke
144,Benedict Cumberbatch
145,JJ Feild
146,Adam Robertson
147,Michael Douglas
148,Hal Holbrook
149,Yaphet Kotto
150,Sharon Gless
151,Steven Yeun
152,Keegan-Michael Key
153,Aidy Bryant
154,Gina Rodriguez
155,Akira Kamiya
156,Yuriko Yamamoto
157,Kenji Utsumi
158,Chikao Ohtsuka
159,Antti Satama
160,Tiina Routamaa
161,Samuli Torssonen
162,Timo Vuorensola
163,George Takei
164,Mariel Hemingway
165,Eric Roberts
166,Cliff Robertson
167,Carroll Baker
168,Jennifer Hale
169,Raphael Sbarge
170,Rafael Ferrer
171,John Cygan
172,Sergio Castellitto
173,Tiziana Lodato
174,Franco Scaldati
175,Leopoldo Trieste
176,Yara Shahidi
177,Anais Lee
178,Charles Melton
179,John Leguizamo
180,Henry Fonda
181,Anthony Perkins
182,Betsy Palmer
183,Michel Ray
184,Ahmed Best
185,Sam Witwer
186,Nathalie Cox
187,David W. Collins
188,Cully Fredricksen
189,Vic Mignogna
190,Maxey Whitehead
191,Alexis Tipton
192,Matthew Mercer
193,Christina Rumbley
194,Corey Burton
195,David Boat
196,Rob Lowe
197,Liv Tyler
198,Ronen Rubinstein
199,Sierra Aylina McClain
200,Shirley MacLaine
201,Bill Paxton
202,Juliette Lewis
203,Miranda Richardson
204,Tim Allen
205,Nicole Sullivan
206,Larry Miller
207,Stephen Furst
208,Robert Clotworthy
209,Walter Cronkite
210,George Lucas
211,Steven Spielberg
212,Jude Demorest
213,Brittany O'Grady
214,Ryan Destiny
215,Amiyah Scott
216,Cameron Monaghan
217,Daniel Roebuck
218,Debra Wilson
219,Christopher Sean
220,Scott Lawrence
221,Josh Brener
222,Suzie McGrath
223,Walter Koenig
224,Adrienne Wilkinson
225,Manu Intiraymi
226,Corin Nemec
227,Sara Kestelman
228,Nicky Katt
229,Roger Guenveur Smith
230,Kelly Hu
231,Ayako Kawasumi
232,Bob Buchholz
233,Bridget Hoffman
234,Emilie de Azevedo Brown
235,Bette Davis
236,Sterling Hayden
237,Natalie Wood
238,Warner Anderson
239,Burt Reynolds
240,Chevy Chase
241,Macy Whitener
242,Ariel Winter
243,Gary Daniels
244,Malcolm McDowell
245,Costas Mandylor
246,Downtown Julie Brown
247,Elvis Presley
248,Barbara Eden
249,Steve Forrest
250,Dolores del Rio
251,Matt Sloan
252,Kirk Douglas
253,Jeanne Crain
254,Claire Trevor
255,William Campbell
256,Joshua Jackson
257,Jaime King
258,Matthew Davis
259,Ryan Hurst
260,Patrick Warburton
261,Shigeru Chiba
262,Teiyû Ichiryûsai
263,Tomiko Suzuki
264,Joseph Mazzello
265,Joey Simmrin
266,Alex Daniels
267,Arthur Burghardt
268,Todd Haberkorn
269,Christopher Doohan
270,Grant Imahara
271,Ron Jeremy
272,William Margold
273,Al Goldstein
274,Al Lewis
275,Margherita Buy
276,Stefano Accorsi
277,Fabrizia Sacchi
278,Gianmarco Tognazzi
279,G.W. Childs
280,Chris Cox
281,Nick Jameson
282,Alexz Johnson
283,Tim Rozon
284,Kristopher Turner
285,Laura Vandervoort
286,Igor Petrenko
287,Artyom Semakin
288,Aleksey Panin
289,Aleksey Kravchenko
290,Townsend Coleman
291,Pat Fraley
292,Pat Musick
293,Rob Paulsen
294,Supriya Choudhury
295,Anil Chatterjee
296,Gyanesh Mukherjee
297,Bijon Bhattacharya
298,Anna Acton
299,John Armstrong
300,Jaimi Barbakoff
301,Tom Bates
302,Jeff Bennett
303,Mark Klastorin
304,Julie Andrews
305,Richard Crenna
306,Michael Craig
307,Daniel Massey
308,Aya Hirano
309,Emiri Kato
310,Kaori Fukuhara
311,Aya Endô
312,Tom Spackman
313,Bertie Carvel
314,Jo Wyatt
315,Grant Bowler
316,Wade Briggs
317,Torrance Coombs
318,Dan Hildebrand
319,Junko Noda
320,Chiara Zanni
321,Michael Dobson
322,Ron Halder
323,Nika Futterman
324,Phil LaMarr
325,Kenny Baker
326,Niki Botelho
327,Brian Cummings
328,Warwick Davis
329,Shannon Elizabeth
330,Steve Byers
331,Julia Lalonde
332,Kyle Breitkopf
333,Edward G. Robinson
334,Marian Marsh
335,H.B. Warner
336,Anthony Bushell
337,Philip Tanzini
338,Jason Marsden
339,Jane Brakhage
340,Stan Brakhage
341,Dan Hennessey
342,John Stocker
343,Graeme Campbell
344,Antonio Resines
345,Maribel Verdú
346,Jordi Mollà
347,Elvira Mínguez
348,Christina Turley
349,Audrey Kelly
350,Julia Vanderham
351,Lindsy Drummer
352,Terrence 'T.C.' Carson
353,Andrew Chaikin
354,Anson Mount
355,Ethan Peck
356,Rebecca Romijn
357,Jenette Goldstein
358,Billy Altman
359,Jon Auer
360,Lester Bangs
361,Chris Bell
362,Vilde Zeiner
363,Anders Baasmo Christiansen
364,Agnes Kittelsen
365,Stig Werner Moe
366,Alan Ruck
367,Garrett Wang
368,Gina Hernandez
369,Karen Hammang
370,Holland Gedney
371,Frank Hernandez
372,James Caan
373,Christopher Lambert
374,Catherine McCormack
375,Burt Young
376,Lupita Nyong'o
377,Bobby Flay
378,Giada De Laurentiis
379,Bob Tuschman
380,Susie Fogelson
381,Charles Farrell
382,Guinn 'Big Boy' Williams
383,Paul Fix
384,Anne Baxter
385,Dana Andrews
386,Walter Huston
387,Walter Brennan
388,Lindsay Duncan
389,Michiko Jimenez
390,Jan Gould
391,Shane Ryan
392,Kenneth Colley
393,Brian Blessed
394,Julian Glover
395,Charles Root
396,John M. Kelley
397,James Cawley
398,Jeff Mailhotte
399,Bettina Bush
400,Peter Cullen
401,Robbie Lee
402,Eddie Allen
403,Michael Bertolini
404,Amy Howard Wilson
405,Lydia Leeds
406,Leslie Barany
407,Sandra Beretta
408,Mia Bonzanigo
409,Tom Gabriel Fischer
410,William Powell
411,Ginger Rogers
412,Paul Kelly
413,Gene Lockhart
414,Connor Trinneer
415,James Kyson
416,Toni Trucks
417,Aja Evans
418,Max Grodénchik
419,Andrew Robinson
420,Armin Shimerman
421,Nana Visitor
422,Chris Lowell
423,Rose McIver
424,Jessica Szohr
425,Alex Kaluzhsky
426,Habib Amiri
427,Setara Hussainzada
428,Rafi Naabzada
429,Lima Sahar
430,Douglas Spain
431,Efrain Figueroa
432,Kandeyce Jorden
433,Martha Velez
434,John Wayne
435,Verna Hillie
436,George 'Gabby' Hayes
437,Yakima Canutt
438,Briana Evigan
439,Corey Sevier
440,Karissa Vacker
441,Jeremy Howard
442,Clark Gable
443,Ava Gardner
444,Broderick Crawford
445,Lionel Barrymore
446,Robert James-Collier
447,Suranne Jones
448,Bronagh Waugh
449,Erin Galway-Kendrick
450,Ling Tai
451,Angelo Costabile
452,Hiu Sun Ha
453,C. Juston Campbell
454,Faye Bolt
455,John W. Smith
456,Taylor Kingsley
457,Temuera Morrison
458,Jonathan David Cook
459,Gary Cole
460,Rosanna Arquette
461,Stanley Anderson
462,Edward Blatchford
463,James Wolk
464,Adrianne Palicki
465,Eloise Mumford
466,David Keith
467,Aarno Sulkanen
468,Titta Karakorpi
469,Risto Taulo
470,Anja Pohjola
471,Sandy Brooke
472,Suzy Stokey
473,Ross Hagen
474,Marya Gant
475,N/A
476,Jason Court
477,Christopher Neame
478,Angela Harry
479,Valerie Wildman
480,Weena Mercatur
481,Lisa Fuson
482,Marcelia Cartaxo
483,José Dumont
484,Tamara Taxman
485,Fernanda Montenegro
486,Mike West
487,Rick May
488,Lyssa Browne
489,Jock Blaney
490,J. Carrol Naish
491,Donald Woods
492,Rosina Galli
493,Richard Erdman
494,Edmund Dehn
495,Wayne Grace
496,Timothy Watson
497,David Acord
498,Chopper Bernet
499,JB Blanc
500,Kenji Endo
501,Yûto Ikeda
502,Megumi Kagurazaka
503,Kôko Mori
504,Charles Chaplin
505,Minta Durfee
506,Edgar Kennedy
507,Gordon Griffith
508,Cam Gigandet
509,Guy Herbert
510,Will Yun Lee
511,Derek Shipp
512,Vanessa Lengies
513,Nicolas Cantu
514,Matthew Wood
515,Eugene Byrd
516,Anthony Carboni
517,Andi Gutierrez
518,Peter Townley
519,James Warwick
520,Scott Cleverdon
521,The Buggles
522,Debi Doss
523,Geoff Downes
524,Trevor Horn
525,Mallorie Rodak
526,Mel Blanc
527,Tinatin Dalakishvili
528,Severija Janusauskaite
529,Pavel Tabakov
530,Andrey Smolyakov
531,Frantisek Smolík
532,Martin Ruzek
533,Marie Kyselková
534,Josef Zíma
535,Jennie Garth
536,Terry Farrell
537,Penny Fuller
538,Kaya Brüel
539,Jesper Klein
540,Søs Egelind
541,Ditte Gråbøl
542,Richard Cranor
543,Julian Gavilanes
544,Russell Hodgkinson
545,Kevin Jolly
546,Robert M. Foster
547,Olivia Hussey
548,Neil Ross
549,Trevor Devall
550,Eric Bauza
551,Linda Ellerbee
552,Tom Brokaw
553,Newt Gingrich
554,Juraj Durdiak
555,Libuse Safránková
556,Vladimír Mensík
557,Radoslav Brzobohatý
558,Saswata Chatterjee
559,Ananya Chatterjee
560,Abir Chatterjee
561,Rahul Banerjee
562,Klaus Kinski
563,Harvey Keitel
564,Fernando Rey
565,Maria Lamor
566,Holmes Osborne
567,David Leitch
568,Kai Lanette
569,Christopher Neme
570,Andy Lau
571,Qi Shu
572,Hanyu Zhang
573,Denise Ho
574,David Hankin
575,Steve Carroll
576,David W. Allen
577,Chris Brennan
578,Hiroshi Abe
579,Takashi Ukaji
580,Ko Shibasaki
581,Akio Ôtsuka
582,Céline Vogt
583,Sandro Iannotta
584,Maximilian Artajo
585,Brit Gülland
586,William Conrad
587,Robert Ball
588,Frankie Ray
589,Gloria Victor
590,Dolores Reed
591,Dominic C. Skinner
592,Andy Secombe
593,Lewis Macleod
594,Scott Capurro
595,Jason Douglas
596,Cynthia Martinez
597,Kira Vincent-Davis
598,Ryô Hirohashi
599,Sonja Zietlow
600,Bob McCarron
601,Daniel Hartwich
602,Dirk Bach
603,Paul Lang
604,Marc Bowers
605,Ryan Webber
606,Callie Bussell
607,Tom Beaumont
608,Tom Berges
609,John Booth
610,John Cook
611,Julie Eccles
612,Jack Angel
613,James 'Primo' Grant
614,John Diaz
615,Wanda Nobles Colon
616,Jasmine Burgos
617,Erica Lindbeck
618,Robbie Daymond
619,Kimberly Woods
620,Sarah Anne Williams
621,Sanjay Dutt
622,Ameesha Patel
623,Anupam Kher
624,Satish Kaushik
625,Aaron Ginn-Forsberg
626,Davina Joy
627,Tamara McDaniel
628,James Ray
629,Justin Bieber
630,Casper Van Dien
631,Cynthia Rothrock
632,Brit Laree
633,Sara N. Salazar
634,Patrik Hont
635,Carolina Neurath
636,Stephanie Douglas Anderberg
637,Karl Lindqvist
638,Ilkka Koivula
639,Vera Kiiskinen
640,Risto Tuorila
641,Ritva Jalonen
642,Carrie-Anne Moss
643,Brian Beacock
644,Johnny Yong Bosch
645,Alex Cazares
646,Ray Chase
647,Norman Wisdom
648,June Laverick
649,Jerry Desmonde
650,Hattie Jacques
651,Takehito Koyasu
652,Robert Ashker Kraft
653,Frances Starr
654,Grant Mitchell
655,Sally Blane
656,Jô Shishido
657,Tatsuya Azuma
658,Miyuki Tanigawa
659,Chôei Takahashi
660,John Agar
661,Mamie Van Doren
662,Richard Boone
663,Coleen Gray
664,Yanti Somer
665,Gianni Garko
666,Malisa Longo
667,Chris Avram
668,Alec Guinness
669,George Segal
670,Ursula Andress
671,Orson Welles
672,Ian Hendry
673,Tom Basden
674,Kevin Bishop
675,Laura Patch
676,Harry Peacock
677,James Earl Jones
678,Gordan Kicic
679,Danijela Vranjes
680,Goran Jevtic
681,Ana Stefanovic
682,Connor Lawrence
683,Justin Mark
684,Cathryn Dylan
685,Chris Elliott
686,Kyle Redmond-Jones
687,Teresa Tavares
688,Neil Fluellen
689,António Fonseca
690,Alison Blanchard
691,John Boyega
692,Darren Criss
693,Analeigh Tipton
694,Tyler Labine
695,Lauren Bowles
696,Monique Coleman
697,Vaughn Armstrong
698,C. Clayton Blackwell
699,David de Vos
700,Bing Crosby
701,Bob Hope
702,Fred MacMurray
703,Franchot Tone
704,Duncan Regehr
705,Ziyi Zhang
706,Leehom Wang
707,Terri Kwan
708,Ryan Zheng
709,Joan Blondell
710,Stuart Erwin
711,Zasu Pitts
712,Ben Turpin
713,Michael Dorn
714,Oleg Tabakov
715,Oleg Efremov
716,Evgeniy Leonov
717,Elena Proklova
718,Luciana Littizzetto
719,Rocco Papaleo
720,Pietro Castellitto
721,Michela Cescon
722,Mîna Tominaga
723,Shinji Ogawa
724,Shôhei Miura
725,Mei Nagano
726,Naomi Nishida
727,Shieri Ohata
728,Carla Jimenez
729,Makenzie Moss
730,Susie Wall
731,Jonathan Mangum
732,Connie Britton
733,Colin Friels
734,Hinton Battle
735,Emily Hart
736,John Cho
737,Simon Pegg
738,Sela Ward
739,Rebecca Jenkins
740,Andrew Jackson
741,Jane Curtin
742,Raymond Burr
743,Barbara Hale
744,William Katt
745,Joe Penny
746,Tommy Blacha
747,J.J. Villard
748,Robin Atkin Downes
749,Rachel Butera
750,Brian Dobson
751,Michael Donovan
752,Samuel L. Jackson
753,James Cameron
754,Rob Coleman
755,Adrian Bouchet
756,Mike Mitchell
757,Ivy Corbin
758,Daniel Vivian
759,Atsumi Tanezaki
760,Takahiro Sakurai
761,Miyoko Asô
762,Yumi Hara
763,Heidi Shannon
764,Rino Romano
765,Brendan Holmes
766,Steve Blum
767,Alyson Gorske
768,Aimee Stolte
769,Justin Berti
770,Benedikt Sebastian
771,Yancy Butler
772,Rance Howard
773,Terence Knox
774,Johnny Rey Diaz
775,Anjelica Huston
776,Diane Baker
777,Charles Busch
778,Ben Cooper
779,Dan Owsen
780,Rich Evans
781,Tim Higgins
782,Mike Stoklasa
783,Christian Serratos
784,Rachele Brooke Smith
785,Ross Thomas
786,Robert Adamson
787,Jim Metzler
788,Susan Tyrrell
789,Tim Russ
790,Leonora Ruffo
791,Mario Novelli
792,Roland Lesaffre
793,Kirk Morris
794,Nicolas Roye
795,Dante Basco
796,David Davies
797,Peter McConnell
798,Tom Kenny
799,Guy Siner
800,Denny Delk
801,Joong-Hoon Park
802,Sung-Ki Ahn
803,Jeong-yun Choi
804,Yeo-woon Han
805,Dan Anderson
806,Matthew Hodge
807,Tim Hodge
808,Mike Nawrocki
809,Shawn Doyle
810,Tatiana Maslany
811,Julia Kennedy
812,Jonny Harris
813,Regan Reece
814,Krystal Star
815,Deserae Struthers
816,Katlyn Carlson
817,Michael A. Nickles
818,Erik Van Wyck
819,John Farrell
820,Joshua Cameron
821,Jamey Green
822,Keith Emerson
823,Josh Anderson
824,Cedric the Entertainer
825,Tommy Davidson
826,DeRay Davis
827,Kevin Hart
828,Alex Brendemühl
829,Bárbara Lennie
830,Lorenzo Balducci
831,Lola Dueñas
832,David Faustino
833,Coolio
834,Craig Littler
835,Sid Haig
836,Charlie Dell
837,Susan Pratt
838,Clancy Brown
839,Lucille Bliss
840,Leeanna Walsman
841,David Dial
842,Barbara Clifford
843,John Whiting
844,Risha Denney
845,Tae-hyun Cha
846,Chae-moo Im
847,So-yeon Lee
848,Seok-yong Jeong
849,Yuriko Ishida
850,David Itô
851,Vanness Wu
852,Hyun-joo Kim
853,Shaun Tam
854,Andy On
855,Patsy Kelly
856,Jack Haley
857,Rosina Lawrence
858,Mischa Auer
859,Ryûnosuke Kamiki
860,Kyôka Suzuki
861,Genzô Wakayama
862,Yô Ôizumi
863,Joanne Vannicola
864,Lawrence Bayne
865,Kathleen Laskey
866,Stephanie Anne Mills
867,Cynthia Preston
868,Emily Bader
869,Robert Scott Wilson
870,Jordan Doww
871,Peter Barton
872,Louis Gossett Jr.
873,Amy Steel
874,James Karen
875,Alexandra Paul
876,William R. Moses
877,Ryô Horikawa
878,Vern Yip
879,Clive Pearse
880,Martha McCully
881,Cynthia Rowley
882,Yun-Fat Chow
883,Eric Tsang
884,Maggie Cheung
885,Pak-Cheung Chan
886,Clint Bajakian
887,Ronn Brown
888,Ed McMahon
889,Sam Riddle
890,Arsenio Hall
891,Durell Coleman
892,Bethany Richards
893,Nick Cornish
894,Meghan Ory
895,Bill Fagerbakke
896,Cameron Diskin
897,Catherine Carlen
898,Toni Wynne
899,Ed O'Ross
900,Vili Saarela
901,Olavi Angervo
902,Pihla Viitala
903,Antti Luusuaniemi
904,Ciarán McMenamin
905,Simone Lahbib
906,Gerard Butler
907,Keith Allen
908,Steve Malpass
909,Estelle Ellis
910,Kevin Bayliss
911,Chris Seavor
912,Catherine Taber
913,Brooke Burke-Charvet
914,Gilby Clarke
915,Storm Large
916,Tommy Lee
917,Clive Revill
918,Erik Bauersfeld
919,Dan Ellis
920,Sindy Faraguna
921,Nathan Durec
922,Nick Windebank
923,Charles Martinet
924,Michael Gough
925,Josh Groban
926,Kesha
927,Ludacris
928,Brad Paisley
929,John Glenn
930,Gus Grissom
931,Taís Araújo
932,Milhem Cortaz
933,Ana Couto
934,Chico Díaz
935,Roddy McDowall
936,Stella Stevens
937,Rebecca Budig
938,Kenn Scott
939,Sean Young
940,Perry King
941,Priscilla Barnes
942,David Groh
943,Natasa Gollová
944,Oldrich Nový
945,Adina Mandlová
946,Ella Nollová
947,Denise Crosby
948,Kirk Cameron
949,Chelsea Noble
950,J.T. Walsh
951,Ned Eisenberg
952,Claude Brasseur
953,Fleur Lise Heuet
954,Antoine Berry
955,Aris Juson
956,Deborah Lee Smith
957,Paul Dobson
958,Daniel Riordan
959,Doug Boyd
960,J.J. Abrams
961,Chris Clarke
962,Rafael Alencar
963,Mark Bessenger
964,Laurie Betito
965,Duncan Black
966,Heidi Klum
967,Tim Gunn
968,Michael Kors
969,Nina Garcia
970,Hank Azaria
971,Greg Camp
972,Dane Cook
973,Paul De Lisle
974,Jeremy Bulloch
975,Michael Carter
976,Linda Darnell
977,John Payne
978,Roland Young
979,Charlotte Greenwood
980,Leslie Cheung
981,Anita Yuen
982,Ching Wan Lau
983,Moses Chan
984,George Henry Horton
985,David Anthony Pizzuto
986,David Sobolov
987,Frank Klepacki
988,Jamison Jones
989,Gary Martinez
990,C. Andrew Nelson
991,Yu Asakawa
992,Isshin Chiba
993,Atsuko Enomoto
994,Sôichirô Hoshi
995,Johnny Depp
996,Fran Drescher
997,Janne Torssonen
998,Antti Keskinen
999,Bill Farmer
1000,Tony Pope
1001,Stella Kae
1002,Theodore Leaf
1003,Nicole Richie
1004,Jessica Simpson
1005,Paul Mirkovich
1006,Dominic Armato
1007,Julianne Buescher
1008,Issaka Sawadogo
1009,Chloé Bourgeois
1010,Yassine Fadel
1011,Nicole-Sylvie Lagarde
1012,Ted Danson
1013,Joan Collins
1014,Kenny G
1015,John P. Ryan
1016,Michael St. Gerard
1017,Maureen Teefy
1018,Dana Dantine
1019,Lily Franky
1020,Kazuya Kamenashi
1021,Ai Hashimoto
1022,Tomoko Nakajima
1023,Sandy Duncan
1024,Tony Roberts
1025,Todd Susman
1026,Elizabeth Allen
1027,Eric Braun
1028,Jade Carter
1029,Max Freeman
1030,Dwight Schultz
1031,Martha Hackett
1032,Jonathan Del Arco
1033,David Calder
1034,Erick Ray Evans
1035,Trevor Cooper
1036,Linda Newton
1037,Jenna Jameson
1038,Briana Banks
1039,Marilyn Chambers
1040,Dennis Holahan
1041,Sydney Penny
1042,Rosie Marcel
1043,Ricky Paull Goldin
1044,Denica Fairman
1045,Yûji Oda
1046,Yoshiki Arizono
1047,Bengaru
1048,Lauren Bacall
1049,Anthony Quinn
1050,Jean-Pierre Aumont
1051,Lila Kedrova
1052,John Matthew
1053,Dean Devlin
1054,Ridley Scott
1055,Lawrence Kasdan
1056,Mark A. Altman
1057,John Barrowman
1058,Dennis Hopper
1059,Terrance Robay
1060,Ramona Sweeny
1061,David Hess
1062,Christy Canyon
1063,Andrea Lowell
1064,Jim Powers
1065,Masaya Matsukaze
1066,Mai Nakahara
1067,Akiko Kimura
1068,Mary Dilts
1069,Connie Hall
1070,Elsa Martinelli
1071,Robert Woods
1072,George Eastman
1073,Francesca Righini
1074,Anna Akana
1075,Tim McKernan
1076,Eric Carrasco
1077,Patrick Sullivan
1078,Daws Butler
1079,Henry Corden
1080,Georgi Irene
1081,Britney Spears
1082,Lisa Harrow
1083,Christian Quadflieg
1084,Christiane Krüger
1085,Judy Geeson
1086,Howard Duff
1087,Lita Baron
1088,Bill Williams
1089,Douglas Fowley
1090,Brett Donowho
1091,Julianna Robinson
1092,Patricia Skeriotis
1093,Chuck Beyer
1094,Nicole Gläser
1095,Monique Gläser
1096,Jeanine Gläser
1097,Christopher Schöps
1098,Hugh Laurie
1099,Barbara Windsor
1100,Mark Williams
1101,Henry Cherrytree
1102,Julia Eringer
1103,Josh Mann
1104,Sarah Rochelle
1105,Alain Azoulay
1106,Noel Braham
1107,Pokey Spears
1108,Georginna Savoye
1109,Bria Roberts
1110,Sam Anderson
1111,Obba Babatundé
1112,Steve Ballantine
1113,Dan Barton
1114,Robert H. Justman
1115,Lombardo Boyar
1116,Molly Burnett
1117,Chris Coppola
1118,Christian Campbell
1119,Brooke White
1120,Michael Barbuto
1121,Mercedes Ruehl
1122,Diedrich Bader
1123,Oakley Bull
1124,Tyreese Burnett
1125,Chloe Coleman
1126,Maisa Silva
1127,Mel Maia
1128,Klara Castanho
1129,Victor Aguiar
1130,Barbara Bush
1131,George Bush
1132,George W. Bush
1133,Anastasia Brown
1134,Jewel Kilcher
1135,John Rich
1136,Jeffrey Steele
1137,Édith Piaf
1138,Marcel Herrand
1139,Jules Berry
1140,Serge Reggiani
1141,Dion Johnstone
1142,Elena V. Wolfe
1143,Tomaso Sanelli
1144,Siena Agudong
1145,Gyu-pil Go
1146,Jayaram
1147,Mukesh
1148,Rachana Narayanankutty
1149,Pooja Ramachandran
1150,John de Lancie
1151,Barry Lynch
1152,John Cothran
1153,Marnie McPhail
1154,Masasa Moyo
1155,Sterling James
1156,Roger Jackson
1157,Jason Alexander
1158,Jeff Walters
1159,David Carty
1160,Michael Fleming
1161,John Schuermann
1162,Judi M. Durand
1163,Paul Eckstein
1164,Erin Ashe
1165,Majel Barrett
1166,Laila Berzins
1167,Erik Braa
1168,Eric Benz
1169,Gabriel Andrade
1170,Melanie Wichterich
1171,Thorsten Feller
1172,Rider
1173,Dave Hoffman
1174,Marc D. Rayman
1175,Michael Dennin
1176,John Goodson
1177,Tiina Björkman
1178,Pirkko Hämäläinen
1179,Soli Labbart
1180,Hannu Lauri
1181,Ashley Parker Angel
1182,Rhonda Gibson
1183,Jackie Powers
1184,Nancy Davis
1185,Toshiyuki Nishida
1186,Tetsuji Tamayama
1187,Umika Kawashima
1188,Kimiko Yo
1189,John DiMaggio
1190,Dana Snyder
1191,Montse Hernandez
1192,Peter Jackson
1193,Danny Bonaduce
1194,Marki Costello
1195,Melissa Brasselle
1196,Gian DiFranco
1197,Juan Carlos Romeu
1198,Helena Lecumberri
1199,Alejandro Ribelles
1200,Xavier Bertran
1201,Rodrigo Arijon
1202,Otávio Augusto
1203,Renata Bastos
1204,Andrea Beltrão
1205,Gerardo Albarracín
1206,Gabriela Bertolone
1207,Rubén Fleitas
1208,Silvia Gallegos
1209,Ben Burtt
1210,Leo Carrillo
1211,The Debutantes
1212,Eduardo Durant
1213,Eduardo Durant's Rhumba Band
1214,Sonja Henie
1215,Richard Greene
1216,Joan Davis
1217,Cesar Romero
1218,David Niven
1219,Dick Powell
1220,Charles Boyer
1221,Ida Lupino
1222,Stefan Raab
1223,Frank Buschmann
1224,Steven Gätjen
1225,Kaitlyn Maher
1226,Brian Hull
1227,David DeLuise
1228,Sacha Bourdo
1229,Patrick Chauvel
1230,Philippe Caubère
1231,Hanns Zischler
1232,George Fisher
1233,Rosemarie Stack
1234,Paula Raymond
1235,Amanda Blake
1236,Rick Berman
1237,Chris Black
1238,Bobbie Block
1239,Jeff Coopwood
1240,Justin Lee Collins
1241,Seth Bauer
1242,Jack Smith
1243,Jerry Sims
1244,Gib Taylor
1245,Bill Carpenter
1246,Amanda Moody
1247,Gregg Berger
1248,Rudi Airisto
1249,James Gleason
1250,Obata Yoko
1251,Atsuko Mine
1252,Naoki Tatsuta
1253,Yû Mizushima
1254,Rod Steiger
1255,Louise Fletcher
1256,Lou Jacobi
1257,Brett Marx
1258,Rudy Moca
1259,Theo Marton
1260,Dan Radulescu
1261,Nicu Mihoc
1262,Art Douglas
1263,Matthew C. Egan
1264,Peter Genovese
1265,Russell Howell
1266,Jason Brannon
1267,Jamie Costa
1268,Tommy Snider
1269,Maxine Phoenix
1270,Audie Rick
1271,Eddie Cantor
1272,Tae-woong Eom
1273,Min-jun Kim
1274,Yi-hyeon So
1275,Jin-geun Kim
1276,Noah Huntley
1277,Danny Austin
1278,Alexa Cruz
1279,Porno Dan
1280,Cornel Wilde
1281,Leslie Linder
1282,Jean Wallace
1283,Herbert Lom
1284,Brett Bower
1285,Jennifer Kristin
1286,Dave Wilder
1287,Jeremy B. Smith
1288,Jim Walker
1289,Mike Madeoy
1290,Alesia Glidewell
1291,Henry Dardenne
1292,Houko Kuwashima
1293,Daisuke Ono
1294,Takayuki Sugô
1295,Ken'ichi Suzumura
1296,Renée O'Connor
1297,Todd Terry
1298,Cherami Leigh
1299,William McNamara
1300,Joe Urban
1301,Jim Peterson
1302,David Prowse
1303,Lee Ann Millen
1304,Sarah Dunn
1305,Jeison Wallace
1306,Hamish Bartle
1307,Roy Billing
1308,Dominic Frisby
1309,Xing Hong Shi
1310,Petri Lehtinen
1311,Asami Sanada
1312,Michael Bell
1313,Kurt Bonzell
1314,Michael Bertenshaw
1315,James Downie
1316,Peter Howell
1317,Barrie Cookson
1318,Tyler Johnston
1319,Tammy Hui
1320,Kyle Labine
1321,James Gerard
1322,Rich Little
1323,John Schneider
1324,Dottie West
1325,Michael Magee
1326,Orson Bean
1327,Eileen Brennan
1328,Hal Burdick
1329,Richard S. Castellano
1330,J.G. Hertzler
1331,Alice Krige
1332,Robert Vaughn
1333,Catherine Curtin
1334,Victoria Negri
1335,Jacob Heimer
1336,Taylor Clark
1337,Tetsuya Watari
1338,Ruriko Asaoka
1339,Ryôtarô Sugi
1340,Chiyo Okumura
1341,Jim Conrad
1342,Gerald Gurian
1343,Sara Berner
1344,Bernice Hansen
1345,Tedd Pierce
1346,Agostina Belli
1347,Fred Robsahm
1348,Mitchell Smalenski
1349,Michael Christopher Rodney
1350,Jason Louder
1351,Katharina Daue
1352,Daniel Bedingfield
1353,Julia Hummer
1354,Nic Romm
1355,Denis Moschitto
1356,Lena Stolze
1357,Peter Arpesella
1358,Daniela Flynn
1359,Andra Nechita
1360,John Savage
1361,Blanca Blanco
1362,Bret Roberts
1363,Adriana Volpe
1364,Marius Cizauskas
1365,Monika Pundziute
1366,Mantas Stonkus
1367,Rimante Valiukaite
1368,Joan Crawford
1369,Carlos Alazraqui
1370,Jess Harnell
1371,Vernon Kay
1372,Peter Dickson
1373,Neil Hurst
1374,Robert Alley
1375,Kevin J. Anderson
1376,Robert E. Bean
1377,Edward J. Bozek
1378,D.L. Hughley
1379,Melanie Comarcho
1380,Lavell Crawford
1381,Jaci Twiss
1382,Tye Nelson
1383,Julia Fae
1384,Thomas J. Post
1385,Behnoosh Bakhtiari
1386,Shirin Bina
1387,Leyla Bolookat
1388,Homayoun Ershadi
1389,Jason M. Brown-Skovira
1390,Scott Castellano
1391,Taylor Gilbert
1392,Jeff Munson
1393,David O'Hara
1394,Orly Oh
1395,Mario Lopez
1396,Robert O'Reilly
1397,Joan Scheckel
1398,Jimmy Durante
1399,Eddie Jackson
1400,Jack Roth
1401,Danny Thomas
1402,Kaarlo Halttunen
1403,Tea Ista
1404,Tauno Palo
1405,Kullervo Kalske
1406,Edie Mirman
1407,Stephen Chang
1408,Salomé Stévenin
1409,Nicolas Giraud
1410,Jean-François Stévenin
1411,Marilyne Canto
1412,Carrie Underwood
1413,Americus Abesamis
1414,Christina Applegate
1415,Bo Bice
1416,André Bormanis
1417,Stephen Hawking
1418,Bill Kurtis
1419,Jesse Diaz
1420,Megan Rochell
1421,Priscilla Star
1422,Tony Curtis
1423,Daryl Haney
1424,Damon Packard
1425,Shawn Yanez
1426,Isaiah Stannard
1427,Domagoj Culina
1428,Ozren Muic
1429,Lado Skorin
1430,Nate Scholz
1431,Jennifer Nicole Ross
1432,Brandon McConnell
1433,Michelle Laurent
1434,Julia Morizawa
1435,Matthew Montgomery
1436,Matthu Placek
1437,Vanessa Beecroft
1438,Jeffrey Deitch
1439,Greg Durkin
1440,Johnny Weir
1441,Priscilla Hill
1442,Paris Childers
1443,Patti Weir
1444,Daisuke Kishio
1445,Mitsuki Saiga
1446,Miyuki Sawashiro
1447,Megumi Toyoguchi
1448,Johnny Mack Brown
1449,Tex Ritter
1450,Fuzzy Knight
1451,Jennifer Holt
1452,George Almond
1453,Robert V. Barron
1454,Catherine Battistone
1455,Steve Bulen
1456,Nikos Aliagas
1457,Chae-Young Han
1458,Ji-hee Jin
1459,Christie Brinkley
1460,Caitlin Fowler
1461,Ashley Graham
1462,Yu Tsai
1463,Jennifer Aspen
1464,Larry the Cable Guy
1465,Charlie Callas
1466,Joey Fatone
1467,Nicole Bouma
1468,Matt Hill
1469,Gabe Khouth
1470,Venus Terzo
1471,Milton Berle
1472,Sid Stone
1473,Mack Swain
1474,Louella Maxam
1475,Mai Wells
1476,Ray Grey
1477,Alexander Scourby
1478,Holger Hagen
1479,Helga Mayer-Maynard
1480,Simon Wiesenthal
1481,Rock Hudson
1482,Suzanne Pleshette
1483,Melanie Griffith
1484,Teri Copley
1485,Mehgan James
1486,Sarah 'So' Oliver
1487,Natalie Nunn
1488,David Babich
1489,Erik Bergmann
1490,Michael G. Davis
1491,Jimmy Freeman
1492,Troy Mundle
1493,Lee Shorten
1494,Mark Meer
1495,Chad Riley
1496,Tammi Ann
1497,Lynn LeMay
1498,T.T. Boy
1499,Megan Little
1500,Bruce Payne
1501,Jon-Paul Gates
1502,Vivien Creegor
1503,Lucille Ball
1504,Carol Burnett
1505,Sammy Cahn
1506,Tim Conway
1507,Assi Azar
1508,Rita
1509,Rani Rahav
1510,Zvika Hadar
1511,Jean Gilpin
1512,Nolan North
1513,Martine Ølbye Hjejle
1514,Rasmus Bjerg
1515,Szhirley
1516,August Igor Svideniouk Egholm
1517,Mollyana Ward
1518,Suzy DeVore
1519,Donny Watrous
1520,Samantha Vaneman
1521,Jean Alesi
1522,Martin Brundle
1523,Juan Manuel Fangio
1524,Alain Prost
1525,David Warner
1526,Takeshi Tsuruno
1527,Ryô Kinomoto
1528,Toshikazu Fukawa
1529,Risa Saitô
1530,Athena Massey
1531,Steven Bauer
1532,Stephen Davies
1533,Anthony Crivello
1534,Etsushi Toyokawa
1535,Haruka Igawa
1536,Ryo Ishibashi
1537,Shigeru Izumiya
1538,Annabel Wolf
1539,Mariann Schneider
1540,Joshua C. Ramsey
1541,Scott Ganyo
1542,Leo Barczewski
1543,Daniel Boughton
1544,Gene Okerlund
1545,Giant Baba
1546,Ox Baker
1547,Penny Banner
1548,Charles Starrett
1549,Iris Meredith
1550,Si Jenks
1551,Marc Lawrence
1552,James Yi Lui
1553,Cherie Chung
1554,David Lo
1555,Tin Nam Tam
1556,Oliver Hudson
1557,Kevin Rankin
1558,Lauren Hodges
1559,Emmanuelle Vaugier
1560,Tasia Valenza
1561,Grey DeLisle
1562,George Geertsen
1563,Dave Broadfoot
1564,Lynne Kolber
1565,John Morgan
1566,Bono
1567,Kix Brooks
1568,June Carter Cash
1569,Johnny Cash
1570,Damon Kohli
1571,Linda Gray
1572,George Lazenby
1573,Michael Horse
1574,Frauke Ludowig
1575,Karen Sarna
1576,Michael Bender
1577,Stacey Bender
1578,Luis Boileve
1579,Michael Blackson
1580,Corey Holcomb
1581,Mo'Nique
1582,Paul Mooney
1583,Matthias Opdenhövel
1584,Sabine Heinrich
1585,Jennifer Braun
1586,Mike Epps
1587,Lil Rel Howery
1588,Henry Welch
1589,Jamie Cullum
1590,Robbyn Swan
1591,Anthony Summers
1592,Anthony Petrozelli
1593,Bibo Bergeron
1594,Jack Black
1595,Bill Damaschke
1596,Robert De Niro
1597,Pavel Klushantsev
1598,Zjanna Klusjantseva
1599,Robert Skotak
1600,Valerij Suslov
1601,Jeff Burr
1602,John Carpenter
1603,Ron Cobb
1604,Jack H. Harris
1605,Colin Baird
1606,Mark Berman
1607,'Tobba' Thorbjorg Valdis Kristjansdottir
1608,Naomi Rose
1609,Marika Bournaki
1610,Michael Piller
1611,Herman F. Zimmerman
1612,Edgar Buchanan
1613,Marie Windsor
1614,Lon Chaney Jr.
1615,Earle Lyon
1616,Christopher Gorham
1617,Gregg Henry
1618,Salome Jens
1619,Hal Smith
1620,Will Ryan
1621,Victor DiMattia
1622,Christopher Miranda
1623,Richard Antaki
1624,Alex Bennett
1625,Rick Betz
1626,Roy Blumenfeld
1627,Post Malone
1628,Jennifer Lopez
1629,Alessia Cara
1630,Ed Sheeran
1631,Mahima Chaudhry
1632,Priyanshu Chatterjee
1633,Vasundhara Das
1634,Aryan Vaid
1635,Bill Moyers
1636,Warren Hull
1637,Marsha Hunt
1638,Wallis Clark
1639,Clay Clement
1640,Lori Alan
1641,Lisa Arch
1642,John D'Aquino
1643,Jason Dolley
1644,Gary Ploski
1645,Emily Morse
1646,Michael Barra
1647,Sari Gagnon
1648,Charlotte Caffey
1649,Belinda Carlisle
1650,David Crosby
1651,Cameron Crowe
1652,Tom Benkert
1653,Jamie Berger
1654,Jeffrey Nicholas Brown
1655,Elena Fabri
1656,Marc Alaimo
1657,Jeffrey Combs
1658,Barry Jenner
1659,Carlo Alban
1660,Maya Angelou
1661,Annette Bening
1662,Candice Bergen
1663,Erykah Badu
1664,Tracy Chapman
1665,Jimmy Cliff
1666,Eve
1667,Nancy Linari
1668,Greg Eagles
1669,Brock Peters
1670,Shûji Sano
1671,Shin'ichi Himori
1672,Toshiaki Konoe
1673,Chishû Ryû
1674,Fumi Nikaidô
1675,Naoto Takenaka
1676,Shûhei Nomura
1677,Motoki Ochiai
1678,Ray Allen
1679,Carmelo Anthony
1680,Chris Bosh
1681,Kobe Bryant
1682,Kathleen Kennedy
1683,John Knoll
1684,Kiri Hart
1685,Doug Chiang
1686,Baocheng Gao
1687,Xuehong Li
1688,Jiang Liu
1689,Jizhong Liu
1690,Oh-seong Yu
1691,Jin-hee Park
1692,Hyeong-jin Kong
1693,Ho-jae Lee
1694,Domhnall Gleeson
1695,Oscar Isaac
1696,Kevin Allison
1697,Michael Ian Black
1698,Robert Ben Garant
1699,Michael Patrick Jann
1700,Kevin Christley
1701,Yi Feng Li
1702,Mi Yang
1703,Shu Chen
1704,Yao Qing Wang
1705,Emmanuel Kiriakou
1706,George Stroumboulopoulos
1707,Kara DioGuardi
1708,Mark Hudson
1709,Dragan Petric
1710,Bobby Clark
1711,Michael A. Gill-Branion
1712,Darryl Gold
1713,Sean Browning
1714,C.B.
1715,Shouta Aoi
1716,Bryan Burk
1717,Paul Doherty
1718,April Eden
1719,Faizon Love
1720,Robert Powell
1721,Lavar Walker
1722,Gina Yashere
1723,Kanika
1724,Krishna
1725,Prasana
1726,Vijayan
1727,Louise Campbell
1728,Linda Ware
1729,Ned Sparks
1730,Rex Harrison
1731,Jeanne Moreau
1732,George C. Scott
1733,Johnny Hallyday
1734,Quentin Mosimann
1735,Christophe Maé
1736,Jason Schwartzman
1737,Patton Oswalt
1738,Chris Hardwick
1739,Steven Komito
1740,Patrick Hamilton
1741,Katalena Mermelstein
1742,Jeff Moffitt
1743,Curtis Stone
1744,Alex Guarnaschelli
1745,Robert Irvine
1746,Ted Allen
1747,Ray Wise
1748,Linda Park
1749,Chase Masterson
1750,Paul J. Alessi
1751,Marcus Brigstocke
1752,Bruce Greenwood
1753,Iris Bahr
1754,Jerome Butler
1755,June Chadwick
1756,Billy Crystal
1757,Robert Klein
1758,Richard Lewis
1759,Martin Mull
1760,Susannah York
1761,Ian Richardson
1762,Peter Chelsom
1763,David Yelland
1764,Gary Owen
1765,Jay Pharoah
1766,Lil Duval
1767,Tony T. Roberts
1768,Takuya Mizoguchi
1769,Tamaki Matsumoto
1770,Wakana Matsumoto
1771,Rina Akiyama
1772,John Michael Higgins
1773,Zachary Hamby
1774,Bennie Arthur
1775,Wendy McColm
1776,Ben Andrews
1777,Ben Johnson
1778,James Lyle
1779,Roy Stanton
1780,Doug Stone
1781,Bobby Catalano
1782,Doc Phineas Kastle
1783,Jason Pascoe
1784,Anthony Jacobs
1785,Barbara Ruick
1786,Ami Shalabh
1787,Ryan Bley
1788,Thomas Stroppel
1789,Julie Reiter
1790,Rick Bland
1791,Adam Long
1792,Richard Lynson
1793,Alexander Courage
1794,Kellam de Forest
1795,Marj Dusay
1796,Fred Freiberger
1797,Takuya Fujisaki
1798,Nobuyuki Hiyama
1799,Kazuhiko Inoue
1800,Nozomi Nonaka
1801,Randy Blythe
1802,Dave Brockie
1803,Jean-François Dagenais
1804,Alex Delis
1805,Nick Cook
1806,Karl Puder
1807,Rivkah Raven Wood
1808,Atsushi Kisaichi
1809,Shinya Kumazaki
1810,Rie Takahashi
1811,Joe Buck
1812,Tim McCarver
1813,Jeanne Zelasko
1814,Kevin Kennedy
1815,Frank Sinatra
1816,Charles Bronson
1817,John Byner
1818,Jaz Adams
1819,Ja Green
1820,Mark Lund
1821,Gene Roddenberry
1822,Chuck Huber
1823,Heinrich Schafmeister
1824,Ralf Schmitz
1825,Judi Dench
1826,Ian Holm
1827,Rachel Gurney
1828,Alan MacNaughtan
1829,Vivian Blaine
1830,Cameron Mathison
1831,Michael Bruno
1832,Debbi Morgan
1833,Alec Musser
1834,Roberto Alomar
1835,Andy Ashby
1836,Brad Ausmus
1837,Jeff Bagwell
1838,Chad Sheets
1839,Rodger Boyce
1840,Tom Capps
1841,Michael Costello
1842,Vladimir Ivashov
1843,Yuri Gusev
1844,Timofey Spivak
1845,Valentina Titova
1846,Chafûrin
1847,Keiko Han
1848,Eiji Itô
1849,Tomoko Maruo
1850,Kyung-pyo Go
1851,Jin Heo
1852,Sang-Yeob Lee
1853,Tyrone Loukas
1854,Mo Stones
1855,Annie Thalrose
1856,Nicole Chauvet
1857,Kevin Michael Richardson
1858,Eagle Han
1859,Benny Tsui
1860,Peter Antoniou
1861,Christine Chow
1862,Alan Oppenheimer
1863,Julie Snyder
1864,Josélito Michaud
1865,François Babin
1866,Jean-François Bastien
1867,Gina Tuosoto
1868,Nick Tagas
1869,Erin Beers
1870,Andrew Ceglio
1871,Phillip Schofield
1872,Fern Britton
1873,Tirad Cook
1874,Jonathan Garland
1875,Marjorie Cameron
1876,Adamo Ruggiero
1877,Annie Pattison
1878,Tanya Karn
1879,Justin Lopes
1880,Antony Horder
1881,Irvin Kershner
1882,Gary Kurtz
1883,Bret Michaels
1884,John Ainsworth
1885,Krista Coyle
1886,Matthew Feeney
1887,Eileen Hespen
1888,Marion Davies
1889,Dorothy Green
1890,Norman Kerry
1891,Matt Moore
1892,Jyothika
1893,Prashanth
1894,Tyler Cook
1895,Andrew Van Slee
1896,Scott Johnson
1897,Tony Sandrew
1898,Jesús Marugán
1899,Antonio Marí-Ruano
1900,Ángel Beltrán
1901,Natalia Gimeno
1902,Richard Cetrone
1903,Dan Brown
1904,Hedy Lamarr
1905,Jan-Christopher Horak
1906,Lupita Tovar
1907,Hans Janitschek
1908,Florence La Badie
1909,James Cruze
1910,William Russell
1911,Harry Benham
1912,Noël Coward
1913,Herbert Anderson
1914,Raymond Bailey
1915,Hopwood DePree
1916,Kelli McCarty
1917,Andrew Hunter Sherman
1918,Jeffrey Stubblefield
1919,Kumar Gaurav
1920,Rati Agnihotri
1921,Raj Kiran
1922,Saeed Jaffrey
1923,Meleane Kefi Maile
1924,Alesandra Durham
1925,Paul Anthony Sonnier Jr.
1926,Sterling Evans
1927,Howie Mandel
1928,Howard Busgang
1929,Steven Wright
1930,Barry Crimmins
1931,Caroline Appéré
1932,Marcelle Turlure
1933,Remy Giordiano
1934,Céline Gremy
1935,Adam Campbell
1936,Adair Tishler
1937,David Bianchi
1938,Elizabeth J. Blanchard
1939,Michael Colyar
1940,Jamie Foxx
1941,Dick Gregory
1942,Michael Irvin
1943,Charlet Chung
1944,Cathy Shim
1945,Johnny Young
1946,Bin Shimada
1947,Nachi Nozawa
1948,Michio Hazama
1949,Valerie Bertinelli
1950,Drew Casper
1951,Phil Cousineau
1952,Stephen Colbert
1953,Larry King
1954,Norah Jones
1955,Cam Clarke
1956,Michelle Forbes
1957,Güney Inal
1958,Burak Yavuz
1959,Saygi Uygur
1960,Orçun Atay
1961,Stanley Adams
1962,Richard Arnold
1963,John D.F. Black
1964,Michael Jackson
1965,Hannah Balzer
1966,Tatiana Fulmer
1967,Maddie Rudow
1968,Michael Stahl-David
1969,Jeremy Beiler
1970,Chris Chalk
1971,Devin Sanchez
1972,Hidetoshi Nishijima
1973,Tae-hee Kim
1974,Nanami Sakuraba
1975,Mayumi Asaka
1976,Adam Birch
1977,Mark Calaway
1978,Ric Flair
1979,John Hennigan
1980,Peter Kelamis
1981,Kirby Morrow
1982,Mick Wingert
1983,Joe Duffy
1984,Carolyn Kelly
1985,George Nicholson-Sibley
1986,Alex Beston
1987,Chris Barbis
1988,Aryn Fitzgerald
1989,Lori Cholewka
1990,Nicola Fiore
1991,Alex Al
1992,India Arie
1993,The Band Perry
1994,Tony Bennett
1995,Chi Chi
1996,Robert Mitchum
1997,Polly Bergen
1998,Anthony Caruso
1999,Edward Dmytryk
2000,Benjamin Castaldi
2001,André Manoukian
2002,Dove Attia
2003,Marianne James
2004,Molly McDermid
2005,Johnny Alonso
2006,Tiffany Alvord
2007,Wayne Bailey
2008,Jon 'Bowzer' Bauman
2009,Albert Brooks
2010,Greg Burson
2011,Cal Tinney
2012,Ron Gilbert
2013,Edward Albert
2014,Tuesday Knight
2015,Meg Register
2016,Jackson Beck
2017,Jack Mercer
2018,Mae Questel
2019,David Nicoll
2020,Steve Diggerman
2021,Joel Spreadborough
2022,Anthony Beake
2023,Zijie Lin
2024,Tianhao Wu
2025,Lu Zhao
2026,Jennylyn Mercado
2027,Gil Cuerva
2028,Gabby Eigenmann
2029,Christian Bautista
2030,Andrea Nelson
2031,Ben Begley
2032,Keith Cherry
2033,Gregg Land
2034,Nesim Hrvanovic
2035,Bora Nenic
2036,Milanka Finc
2037,Babus Jasarovski
2038,Candy Pangilinan
2039,Acey Aguilar
2040,Sarah Pagcaliwagan
2041,Richard Joson
2042,Vic Oliver
2043,Sarah Churchill
2044,Evelyn Dall
2045,Gabrielle Brune
2046,Michael P. Greco
2047,Shinjirô Ôtani
2048,Masato Tanaka
2049,Brandon Silvestry
2050,Steve Corino
2051,Shane Dawson
2052,Jeffree Star
2053,Gwendoline Christie
2054,Laura Dern
2055,Arielle Dombasle
2056,Yvan Fahl
2057,Eva Ionesco
2058,Pierre-Loup Rajot
2059,Harald Lesch
2060,Steven Adler
2061,Bernard Baur
2062,Barbara Church
2063,Mahulena Bocanová
2064,Jitka Moucková
2065,Michal Jagelka
2066,Gabriela Partysová
2067,Norika Fujiwara
2068,Tsuyoshi Kusanagi
2069,Hiroko Anzai
2070,Mikihisa Azuma
2071,Kenny James
2072,Caety Sagoian
2073,Samantha Kelly
2074,Kazumi Totaka
2075,Miles Brown
2076,Kaley Cuoco
2077,Rachel Lynn David
2078,Jasmin Britney Koskiranta
2079,Pearl Bailey
2080,Tamara Dobson
2081,Allan Drake
2082,Dennis Dugan
2083,April Hebert
2084,Vernon Ray Wilmer Jr.
2085,Dan Curry
2086,Ron Jones
2087,Judd Apatow
2088,David Boreanaz
2089,Edith Bowman
2090,Drew Barrymore
2091,Billy Barty
2092,Holly Berger
2093,Debbie Allen
2094,Joan Baez
2095,Harry Belafonte
2096,Bill Cosby
2097,Elle Viane Sonnet
2098,Samantha Wykes
2099,Dushyanth Weeraman
2100,Shiroshi Romeshika
2101,Srilal Ahangama
2102,Malini Fonseka
2103,Bryan Adams
2104,Mary Chapin Carpenter
2105,Shawn Colvin
2106,Elton John
2107,Hank Aaron
2108,Luis Aparicio
2109,Bob Apodaca
2110,Ernie Banks
2111,Alona Tal
2112,Arnon Zadok
2113,Oshri Cohen
2114,Chaim Elmakias
2115,Fatma Girik
2116,Ekrem Bora
2117,Ayla Algan
2118,Salih Güney
2119,Steven Sutphen
2120,Le'Von Webb
2121,Amy Moon
2122,Karel Gott
2123,Jitka Molavcová
2124,Josef Somr
2125,Jirí Sovák
2126,Rolf Harris
2127,Juliet Anderson
2128,Sharon Mitchell
2129,Kay Parker
2130,Annie Sprinkle
2131,Ira Steven Behr
2132,Cliff Bole
2133,Stig Bremseth
2134,Cédric Gerold
2135,Stig Magnus Gjerald
2136,Antti Hukkanen
2137,Denise Ames
2138,June Becker
2139,Adrian Bustamante
2140,Tobin Bell
2141,Josh Brolin
2142,Dana Brunetti
2143,Roger Corman
2144,Pat Rooney
2145,Pat Rooney Jr.
2146,Blossom Seeley
2147,Benny Fields
2148,Nicole Gale Anderson
2149,Selena Gomez
2150,David Henrie
2151,Leo Howard
2152,James L. Conway
2153,Chris Pratt
2154,Thomas Morley
2155,Sean Thompson
2156,David Penava
2157,Antti Pääkkönen
2158,Jim E Chandler
2159,Coty Galloway
2160,Olan Rogers
2161,Heather Burns
2162,Michael Caine
2163,Kristin Chenoweth
2164,Bob Brenly
2165,Chip Caray
2166,Michael Aldridge
2167,Gay Baynes
2168,Ed Devereaux
2169,Michael Fitzpatrick
2170,Richard Dawson
2171,Gene Wood
2172,Bernie Kopell
2173,Laurie Walters
2174,Jack E. Curenton
2175,Jentzen Ramirez
2176,Jason Tobias
2177,Rebecca Holden
2178,Bernard White
2179,Eddie Barth
2180,Marilyn Hassett
2181,Griffith Jones
2182,Kathleen Byron
2183,Hugh Williams
2184,Harold Lang
2185,Ruth Terry
2186,Robert Livingston
2187,Alan Mowbray
2188,Franklin Pangborn
2189,Bob Costas
2190,Joe Morgan
2191,Jim Gray
2192,Hannah Storm
2193,Christian Brassington
2194,Jonathan Roberts
2195,Chris Blishen
2196,Alistair Burt
2197,Tatyana Ali
2198,Mayim Bialik
2199,Linda Blair
2200,Candace Cameron Bure
2201,Hristina Lambiri
2202,Giannis Angelakis
2203,Lila Droutsa
2204,Maria Ioannidou
2205,Damien Valentine
2206,Elizabeth Cameron
2207,Azure
2208,Lani Minella
2209,Jörgen Bladh
2210,Dwari Deutsch
2211,Outi Harkko
2212,Sonja Kangas
2213,Randy Quaid
2214,Robert Elms
2215,David Mallet
2216,Vivian Hsu
2217,Jiahang Su
2218,Kun Chen
2219,Man Tat Ng
2220,Michael Santo
2221,Tony Case
2222,Sharon Demuth
2223,D.J. Driscoll
2224,Malese Jow
2225,Joseph Neibich
2226,George O'Brien
2227,Sue Carol
2228,Walter McGrail
2229,Warren Hymer
2230,Jean-Pierre Cornu
2231,Paulus Manker
2232,Andreas Vitásek
2233,Mirjam Ploteny
2234,Nick Gillard
2235,Lydia Bright
2236,Ashley Cain
2237,Georgina Cantwell
2238,Charlotte Dawson
2239,Scott Trost
2240,Sean Michael Allen
2241,Scott Caan
2242,Michael Capellupo
2243,Nick Verreos
2244,Marcellas Reynolds
2245,Sam Saboura
2246,Nyima Funk
2247,Nick Appleton
2248,Ken Leonard
2249,Mike Paterson
2250,Albert Nerenberg
2251,Marc Anthony
2252,Mary J. Blige
2253,Eric Clapton
2254,Destiny's Child
2255,Anna Beard
2256,Adam Benzan
2257,Darren Bot
2258,Graham Houston
2259,Yui Horie
2260,Kazuya Ichijô
2261,Mao Ichimichi
2262,Dave Goelz
2263,Eric Jacobson
2264,David Rudman
2265,Steve Whitmire
2266,Brandon M. Bridges
2267,Dennis Gard Robb
2268,Scott Fack
2269,Michael Liebmann
2270,Shankar Mahadevan
2271,Diljit Dosanjh
2272,Monali Thakur
2273,Ravi Dubey
2274,Robin Hiert
2275,Iris Janse
2276,Sophie Le Neveu
2277,Monique Lanting
2278,Kyle Rea
2279,William Winckler
2280,Robert Axelrod
2281,Jason Barker
2282,Garth Brooks
2283,Zac Brown
2284,Eleni Dekidis
2285,Lyudmil Hristov
2286,Sevar Ivanov
2287,Kalia Kamenova
2288,Stephen Mulhern
2289,Daoud Sediqi
2290,Naweed Furogh
2291,Ustad Gulzaman
2292,Shakeb Hamdard
2293,Dragan Bjelogrlic
2294,Erika Grönvall
2295,Sam Kessel
2296,Marjan Milovanovic
2297,Hans Albers
2298,Louise Brooks
2299,Willy Egger
2300,Gustaf Gründgens
2301,Richard Burton
2302,Liam Darbon
2303,Tony Graimes
2304,Sasha Jackson
2305,Matthew Leitch
2306,Hannelore Schroth
2307,Katharina Böhm
2308,Günther Maria Halmer
2309,Joachim Hansen
2310,Edwin Frank Ortiz
2311,Taylor Koster
2312,Maliya Montemayor
2313,Robert F. Nixon
2314,Louie Chapman
2315,Jeremy Frutkin
2316,Reno Muren
2317,Dimitri Sandeman
2318,Javier Grullón
2319,Akari Endo
2320,Vladimir Acevedo
2321,Anthony Alvarez
2322,Donal Skehan
2323,Tia Mowry-Hardrict
2324,Isaiah A. Hooks
2325,Amber Kelley
2326,Ellen Dubin
2327,Arif S. Kinchen
2328,Chris Payne Gilbert
2329,Lauren Thielen
2330,Ayhan Isik
2331,Nurhan Nur
2332,Tekin Akmansoy
2333,Zeki Alpan
2334,Ed Sullivan
2335,Mary Tyler Moore
2336,Desi Arnaz
2337,Grace Chang
2338,Yang Chang
2339,Yu-Hsin Chen
2340,Po Chien Chin
2341,Bhuwan K.C.
2342,Sushmita K.C.
2343,Dilip Rayamajhi
2344,Josh Meyer
2345,Paul Reiche III
2346,Merced Solis
2347,Vince McMahon
2348,Don Muraco
2349,Jimmy Hart
2350,Franklin Killian
2351,Morgan Lariah
2352,Caleb Pearson
2353,Joe Hachem
2354,Lee Dr. Nelson
2355,Amanda
2356,Ben
2357,Nina Xining Zuo
2358,Misty Mills
2359,Mary Lynne Gibbs
2360,Joseph Miller
2361,T. Michael Adams
2362,Jeremiah Trotter
2363,Thomas C. Bartley Jr.
2364,Clifton Powell
2365,John Diehl
2366,Geoff Falk
2367,Faith Murphy
2368,Burke Sage
2369,Libe Barer
2370,Sarah-Nicole Robles
2371,Marieve Herington
2372,Alisha Wainwright
2373,Greg James
2374,Adam Elliott Davis
2375,Bethany Jacobs
2376,Alexander Fraser
2377,Stephen Pasqua
2378,Lynn Robinson
2379,Gordon Dickson
2380,Yoani Sanchez
2381,Jacopo Cecconi
2382,Giammarco Sicuro
2383,Berit Beebe
2384,Danielle Fishel
2385,Nolan Gould
2386,Kiernan Shipka
2387,Christian Simpson
2388,Robbie Tharp
2389,Lisa Cullen
2390,Ash McNair
2391,Anthony Taddeo
2392,Winifred Mok
2393,Allyn Carrell
2394,Tim Dever
2395,Bill Flynn
2396,Julie Johnson
2397,Patrick Coleman Duncan
2398,Heidi Schooler
2399,Ken Rosenthal
2400,Jerod Edington
2401,Allen Burns
2402,Elina Madison
2403,Sean Gray
2404,Usher Raymond
2405,Jordan Lebron Massey
2406,Stephanie Aardema
2407,Paul Amadi
2408,Amanda LaMotte
2409,Richard Bohringer
2410,Tom Novembre
2411,Gerry Conway
2412,Alun Davies
2413,Dr. John
2414,Danny Kortchmar
2415,Charley Chase
2416,Constance Bergen
2417,Grace Goodall
2418,T. Roy Barnes
2419,Tom Keene
2420,Frank Yaconelli
2421,Betty Miles
2422,Sugar Dawn
2423,Strongheart the Dog
2424,Virginia Lee Corbin
2425,Stuart Holmes
2426,Ken Maynard
2427,Karen Cornwell
2428,T. Buffalo Wagnon
2429,Brooke Callaghan
2430,Joshua Brennan
2431,Kai Kamada-Laws
2432,Jason Smith
2433,Mark Lenard
2434,James Coburn
2435,Gerry Cooney
2436,Quentin Willson
2437,Desi Arnaz Jr.
2438,Lucie Arnaz
2439,Diane Abbott
2440,Tony Blackburn
2441,Bernhard Hoëcker
2442,Sonya Kraus
2443,Michael Müller
2444,Martin Netter
2445,Cassandra Scerbo
2446,Jeffrey Horne
2447,Jack Marshall
2448,Thom Stevens
2449,Andrea Clarke
2450,Sean Amsing
2451,Kathleen Barr
2452,Jim Byrnes
2453,David Roback
2454,Hope Sandoval
2455,Mazzy Star
2456,Kurt Affair
2457,David Drogden
2458,Anna Christina
2459,David Correa
2460,Benicio Del Toro
2461,Jon Tamboro
2462,Maxine Asher
2463,David Childress
2464,Graham Hancock
2465,William Henry
2466,Bo Yu
2467,Guifeng Wang
2468,Xiwen Zhang
2469,Jian Hou
2470,Gareth Edwards
2471,Sergey A.
2472,Daniil Andreev
2473,Krolik Black
2474,Eldar Bogunov
2475,Edie Adams
2476,Steve Allen
2477,June Allyson
2478,Leon Ames
2479,Kareem Abdul-Jabbar
2480,Mark Aguirre
2481,Charles Barkley
2482,Larry Bird
2483,Craig Kelly
2484,Sally Morgan
2485,Star Jones
2486,Keith Black
2487,Marion Bolden
2488,De Lacy Davis
2489,Guy Miller
2490,Yvonne Varnier
2491,Saro Solis
2492,Darrell Geer
2493,Olga Christodoulou
2494,Michael Bond
2495,Ken Berry
2496,Nancy Coleman
2497,Kathleen Comegys
2498,Doreen Lang
2499,Dennis Patrick
2500,Miles Fisher
2501,Erin Murphy
2502,Jason Magee
2503,Jana Lee Brockman
2504,Glen Campbell
2505,Dolores Hope
2506,Alex Acuna
2507,Ron Carter
2508,Gal Costa
2509,Herbie Hancock
2510,Henry H. Arnold
2511,Omar N. Bradley
2512,Dwight D. Eisenhower
2513,William F. Halsey
2514,Jérôme Anthony
2515,Elsa Fayer
2516,Cari Beauchamp
2517,Molly Haskell
2518,Joseph McBride
2519,Martin Scorsese
2520,Ken Davitian
2521,Camille Mana
2522,Ayaka Nakamura
2523,Alonzo Bodden
2524,Gina Brillon
2525,Matt Donaher
2526,Marc Wanamaker
2527,Christopher Sanders
2528,Joy Noe
2529,Elizabeth Taylor
2530,Burt Bacharach
2531,Carole Bayer Sager
2532,Steven Man
2533,Jenny Oliver
2534,Joy Haven
2535,Lee Avant
2536,Bill Elliott
2537,Richard Fiske
2538,Dorothy Fay
2539,Dub Taylor
2540,T.C. Jones
2541,Frank Delfino
2542,Del Moore
2543,Steven Rogers
2544,Walter Grootaers
2545,Elke Vanelderen
2546,Paul Ambach
2547,Louis Anaf
2548,Ann Bryson
2549,Peter C. Borsari
2550,Andrew Breitbart
2551,Victor Basa
2552,Carla Humphries
2553,Lauren Young
2554,Dino Imperial
2555,Steve Lyons
2556,Robert Speicher
2557,Maron Wong
2558,Charles Olson
2559,Justin Baughman
2560,Gates McFadden
2561,Shiye Feigenboim
2562,Svika Pick
2563,Shlomi Koriat
2564,Ari Shamai
2565,Yancey Arias
2566,Elijah Velarde
2567,Jason Gedrick
2568,Sydney Tamiia Poitier
2569,Nils Bento-Connault
2570,Rachid Oumakhlouf
2571,Cocoa Brown
2572,Earthquake
2573,Donnell Rawlings
2574,Carl Benjamin
2575,Alex Jones
2576,Oliver Vaquer
2577,Mary Elizabeth McGlynn
2578,Miley Yamamoto
2579,Jye Frasca
2580,Rick Huggins
2581,Stu Lucas
2582,Jaymes Sygrove
2583,Leo Tierney
2584,Monthol Jira
2585,Bongkoj Khongmalai
2586,Nirut Sirichanya
2587,Nemanja Acimovic
2588,Nikola Bercek
2589,The Decemberists
2590,Anto Durovic
2591,Chris Batstone
2592,Nick Corirossi
2593,Keith David
2594,David Anghel
2595,Emilio Janhunen Calderón
2596,Pauli Janhunen Calderón
2597,Jonas Svensson
2598,Charles Adler
2599,Allison Argo
2600,Michael Giacchino
2601,Darryl M. Bell
2602,Tempestt Bledsoe
2603,Lisa Bonet
2604,Franchelle Stewart Dorn
2605,Paul Skotarski
2606,Mark Redfield
2607,J.R. Lyston
2608,Gérard Croce
2609,Valérie Kling
2610,Rosa Fumetto
2611,Elisabeth Mortensen
2612,Brian Dennehy
2613,Katherine Saltzberg
2614,Michael Dudikoff
2615,George DelHoyo
2616,Bob Steele
2617,Rufe Davis
2618,June Johnson
2619,Werner Krauss
2620,Dieter Borsche
2621,Gisela Uhlen
2622,Paul Dahlke
2623,Carey L. Hastings
2624,Reg Perry
2625,Robert Blake
2626,Debby Boone
2627,Herk Harvey
2628,James Lantz
2629,Dan Palmquist
2630,Shirley Rae
2631,Ginger Baker
2632,Pete Best
2633,Pamela Birch
2634,Jack Bruce
2635,Bud Abbott
2636,Hy Averback
2637,Clint Morrill
2638,Art Carney
2639,Diahann Carroll
2640,Bill Corbett
2641,Harvey Korman
2642,Zitao Huang
2643,Junfeng Niu
2644,Janice Wu
2645,Cao Xi Yue
2646,Ray D'Arcy
2647,Mickey Harte
2648,Simon Casey
2649,Michael Leonard
2650,Maurice LaMarche
2651,John Mariano
2652,Victoria Bartlett
2653,Biagio Black
2654,Genice Carroll
2655,Michael Cavadias
2656,Jimmy Kimmel
2657,Danilo Di Julio
2658,Simone Bargetze
2659,Skylar Collins
2660,Will Arnett
2661,Jill Talley
2662,Nadine Beiler
2663,Arabella Kiesbauer
2664,Thomas Neuwirth
2665,Gernot Pachernigg
2666,Barney Burman
2667,Kasia Kowalczyk
2668,Jose Mota
2669,Evi Adam
2670,Ioanna Kanellopoulou
2671,Konstadinos Aggelidis
2672,Orestis Andreadakis
2673,Jesse 'Casper' Brown
2674,William May
2675,Mandy Rain
2676,Ademir da Guia
2677,Ugo Giorgetti
2678,Gérson
2679,Alberto Helena Jr.
2680,Vin Scully
2681,Joe Garagiola
2682,Joe Altobelli
2683,Marina Janhunen Calderón
